timestamp,cpu_%,disk_read_iops,disk_write_iops,mb_s,threads_running,pending_writes
2025-11-21 16:11:19,3.25,1.50,,,2,16:11:20
2025-11-21 16:11:21,4.65,46.62,,,2,16:11:23
2025-11-21 16:11:24,1.88,0.17,,,2,16:11:25
2025-11-21 16:11:26,22.27,243.09,,,2,16:11:28
2025-11-21 16:11:29,15.13,38.98,,,2,16:11:30
2025-11-21 16:11:31,13.78,31.89,,,2,16:11:33
2025-11-21 16:11:34,7.92,26.03,,,2,16:11:35
2025-11-21 16:11:36,7.73,26.03,,,2,16:11:38
2025-11-21 16:11:39,11.65,25.89,,,2,16:11:40
2025-11-21 16:11:41,10.9,15.37,,,2,16:11:42
2025-11-21 16:11:43,8.58,4.45,,,2,16:11:45
2025-11-21 16:11:46,6.52,3.40,,,2,16:11:47
2025-11-21 16:11:48,4.65,0.00,,,2,16:11:50
2025-11-21 16:11:51,5.26,1.59,,,2,16:11:52
2025-11-21 16:11:53,4.3,0.00,,,2,16:11:55
2025-11-21 16:11:56,4.30,0.01,,,2,16:11:57
2025-11-21 16:11:58,27.38,190.95,,,3,16:12:00
2025-11-21 16:12:01,7.64,30.80,,,2,16:12:02
2025-11-21 16:12:03,7.69,35.76,,,2,16:12:04
2025-11-21 16:12:05,19.45,28.18,,,2,16:12:07
2025-11-21 16:12:08,13.70,28.20,,,2,16:12:09
2025-11-21 16:12:10,13.23,26.61,,,2,16:12:12
2025-11-21 16:12:13,10.44,23.81,,,2,16:12:14
2025-11-21 16:12:15,8.6,3.75,,,2,16:12:17
2025-11-21 16:12:18,8.84,2.30,,,2,16:12:19
2025-11-21 16:12:20,6.96,0.00,,,2,16:12:21
2025-11-21 16:12:22,5.64,0.05,,,2,16:12:24
2025-11-21 16:12:25,6.87,8.42,,,2,16:12:26
2025-11-21 16:12:27,11.35,0.02,,,2,16:12:29
2025-11-21 16:12:30,28.77,185.71,,,2,16:12:31
2025-11-21 16:12:32,15.6,23.73,,,2,16:12:34
2025-11-21 16:12:35,9.3,26.73,,,2,16:12:36
2025-11-21 16:12:37,7.49,31.97,,,2,16:12:39
2025-11-21 16:12:40,10.32,32.89,,,2,16:12:41
2025-11-21 16:12:42,7.56,36.10,,,2,16:12:43
2025-11-21 16:12:44,6.93,26.52,,,2,16:12:46
2025-11-21 16:12:47,6.29,5.77,,,2,16:12:48
2025-11-21 16:12:49,4.27,16.12,,,2,16:12:51
2025-11-21 16:12:52,6.57,0.02,,,2,16:12:53
2025-11-21 16:12:54,4.22,2.93,,,2,16:12:55
2025-11-21 16:12:56,4.59,0.30,,,2,16:12:58
2025-11-21 16:12:59,4.82,0.00,,,2,16:13:00
2025-11-21 16:13:01,22.65,182.47,,,2,16:13:03
2025-11-21 16:13:04,7.23,42.64,,,2,16:13:05
2025-11-21 16:13:06,4.93,21.34,,,2,16:13:08
2025-11-21 16:13:09,6.86,23.22,,,2,16:13:10
2025-11-21 16:13:11,6.64,31.07,,,2,16:13:12
2025-11-21 16:13:13,11.43,32.00,,,2,16:13:15
2025-11-21 16:13:16,10.35,26.20,,,2,16:13:17
2025-11-21 16:13:18,6.60,25.93,,,2,16:13:20
2025-11-21 16:13:21,4.22,14.97,,,2,16:13:22
2025-11-21 16:13:23,3.89,0.00,,,2,16:13:24
2025-11-21 16:13:25,3.31,0.06,,,2,16:13:27
2025-11-21 16:13:28,4.22,0.83,,,2,16:13:29
2025-11-21 16:13:30,4.48,6.39,,,2,16:13:32
2025-11-21 16:13:33,26.58,175.93,,,2,16:13:34
2025-11-21 16:13:35,7.23,28.24,,,2,16:13:36
2025-11-21 16:13:38,11.21,34.85,,,2,16:13:39
2025-11-21 16:13:40,7.59,32.87,,,2,16:13:41
2025-11-21 16:13:42,9.29,18.24,,,2,16:13:44
2025-11-21 16:13:45,6.97,28.42,,,2,16:13:46
2025-11-21 16:13:47,7.23,26.79,,,3,16:13:49
2025-11-21 16:13:50,7.23,27.88,,,2,16:13:51
2025-11-21 16:13:52,4.53,3.92,,,2,16:13:53
2025-11-21 16:13:54,4.57,0.00,,,2,16:13:56
2025-11-21 16:13:57,4.83,2.61,,,2,16:13:58
2025-11-21 16:13:59,3.98,0.42,,,2,16:14:01
2025-11-21 16:14:02,3.93,0.08,,,2,16:14:03
2025-11-21 16:14:04,26.73,160.79,,,2,16:14:05
2025-11-21 16:14:06,9.96,29.24,,,2,16:14:08
2025-11-21 16:14:09,6.66,29.96,,,2,16:14:10
2025-11-21 16:14:11,5.5,18.80,,,2,16:14:13
2025-11-21 16:14:14,6.86,32.47,,,2,16:14:15
2025-11-21 16:14:16,7.46,30.02,,,2,16:14:18
2025-11-21 16:14:19,7.21,28.88,,,2,16:14:20
2025-11-21 16:14:21,6.57,29.95,,,2,16:14:22
2025-11-21 16:14:23,6.33,5.85,,,2,16:14:25
2025-11-21 16:14:26,4.24,0.02,,,2,16:14:27
2025-11-21 16:14:28,6.55,0.08,,,2,16:14:30
2025-11-21 16:14:31,3.25,0.03,,,2,16:14:32
2025-11-21 16:14:33,4.56,106.23,,,4,16:14:34
2025-11-21 16:14:35,3.55,164.29,,,2,16:14:37
2025-11-21 16:14:38,8.19,27.78,,,2,16:14:39
2025-11-21 16:14:40,6.90,27.02,,,2,16:14:42
2025-11-21 16:14:43,11.78,7.98,,,2,16:14:44
2025-11-21 16:14:45,6.41,30.31,,,2,16:14:46
2025-11-21 16:14:47,6.98,29.17,,,2,16:14:49
2025-11-21 16:14:50,7.57,35.38,,,3,16:14:51
2025-11-21 16:14:52,9.3,17.73,,,2,16:14:54
2025-11-21 16:14:55,7.0,10.43,,,2,16:14:56
2025-11-21 16:14:57,5.66,13.84,,,2,16:14:58
2025-11-21 16:15:00,4.11,1.95,,,2,16:15:01
2025-11-21 16:15:02,4.32,0.14,,,2,16:15:03
2025-11-21 16:15:04,23.94,30.04,,,2,16:15:06
2025-11-21 16:15:07,9.79,5.49,,,2,16:15:08
2025-11-21 16:15:09,7.12,32.05,,,2,16:15:11
2025-11-21 16:15:12,4.70,23.24,,,2,16:15:13
2025-11-21 16:15:14,6.36,20.24,,,2,16:15:16
2025-11-21 16:15:17,6.96,19.63,,,2,16:15:18
2025-11-21 16:15:19,7.52,28.08,,,2,16:15:20
2025-11-21 16:15:21,6.66,30.19,,,2,16:15:23
2025-11-21 16:15:24,6.73,28.38,,,2,16:15:25
2025-11-21 16:15:26,6.91,25.13,,,2,16:15:28
2025-11-21 16:15:29,3.83,5.51,,,2,16:15:30
2025-11-21 16:15:31,3.82,3.11,,,2,16:15:32
2025-11-21 16:15:34,3.52,3.37,,,5,16:15:35
2025-11-21 16:15:36,4.70,90.70,,,3,16:15:37
2025-11-21 16:15:38,19.74,25.04,,,2,16:15:40
2025-11-21 16:15:41,8.46,28.89,,,5,16:15:42
2025-11-21 16:15:43,10.36,27.91,,,2,16:15:45
2025-11-21 16:15:46,15.29,21.55,,,2,16:15:47
2025-11-21 16:15:48,4.22,9.46,,,2,16:15:50
2025-11-21 16:15:51,6.43,31.68,,,2,16:15:52
2025-11-21 16:15:53,7.7,29.00,,,2,16:15:54
2025-11-21 16:15:55,9.74,25.31,,,2,16:15:57
2025-11-21 16:15:58,5.62,28.59,,,2,16:15:59
2025-11-21 16:16:00,4.60,5.57,,,2,16:16:02
2025-11-21 16:16:03,4.62,0.47,,,2,16:16:04
2025-11-21 16:16:05,4.4,106.48,,,2,16:16:06
2025-11-21 16:16:07,29.9,20.67,,,2,16:16:09
2025-11-21 16:16:10,3.60,4.59,,,2,16:16:11
2025-11-21 16:16:12,16.76,28.38,,,2,16:16:14
2025-11-21 16:16:15,11.89,13.74,,,2,16:16:16
2025-11-21 16:16:17,5.29,19.46,,,2,16:16:19
2025-11-21 16:16:20,10.47,8.71,,,2,16:16:21
2025-11-21 16:16:22,10.3,27.49,,,2,16:16:23
2025-11-21 16:16:24,9.50,29.45,,,2,16:16:26
2025-11-21 16:16:27,5.19,6.97,,,2,16:16:28
2025-11-21 16:16:29,5.57,0.22,,,2,16:16:31
2025-11-21 16:16:32,8.38,1.47,,,2,16:16:33
2025-11-21 16:16:34,8.6,0.00,,,2,16:16:36
2025-11-21 16:16:37,3.17,0.00,,,2,16:16:38
2025-11-21 16:16:39,7.93,1.29,,,2,16:16:40
2025-11-21 16:16:41,6.3,0.15,,,2,16:16:43
2025-11-21 16:16:44,4.12,0.08,,,2,16:16:45
2025-11-21 16:16:46,15.68,0.00,,,2,16:16:48
2025-11-21 16:16:49,5.97,0.00,,,2,16:16:50
2025-11-21 16:16:51,4.65,0.18,,,2,16:16:53
2025-11-21 16:16:54,6.68,2.78,,,2,16:16:55
2025-11-21 16:16:56,4.10,0.82,,,2,16:16:58
2025-11-21 16:16:59,16.72,2.46,,,2,16:17:00
2025-11-21 16:17:01,12.93,1.17,,,2,16:17:02
2025-11-21 16:17:03,5.41,0.92,,,2,16:17:05
2025-11-21 16:17:06,9.23,0.00,,,2,16:17:07
2025-11-21 16:17:08,9.80,0.00,,,2,16:17:10
2025-11-21 16:17:11,8.44,0.54,,,2,16:17:12
2025-11-21 16:17:13,5.26,0.03,,,2,16:17:15
2025-11-21 16:17:16,18.50,0.00,,,2,16:17:17
2025-11-21 16:17:18,5.24,0.00,,,2,16:17:19
2025-11-21 16:17:20,4.60,0.58,,,2,16:17:22
2025-11-21 16:17:23,9.0,0.17,,,2,16:17:24
2025-11-21 16:17:25,5.59,0.00,,,2,16:17:27
2025-11-21 16:17:28,4.66,0.59,,,2,16:17:29
2025-11-21 16:17:30,3.25,0.00,,,2,16:17:32
2025-11-21 16:17:33,2.93,0.08,,,2,16:17:34
2025-11-21 16:17:35,4.29,0.00,,,2,16:17:36
2025-11-21 16:17:37,1.96,0.00,,,2,16:17:39
2025-11-21 16:17:40,3.97,6.32,,,2,16:17:41
2025-11-21 16:17:42,9.38,0.96,,,2,16:17:44
2025-11-21 16:17:45,3.32,0.00,,,2,16:17:46
2025-11-21 16:17:47,3.89,0.70,,,2,16:17:49
2025-11-21 16:17:50,4.62,0.04,,,2,16:17:51
2025-11-21 16:17:52,4.87,2.85,,,2,16:17:53
2025-11-21 16:17:54,3.54,0.97,,,2,16:17:56
2025-11-21 16:17:57,3.31,0.20,,,2,16:17:58
2025-11-21 16:17:59,5.98,0.00,,,2,16:18:01
2025-11-21 16:18:02,5.98,0.02,,,2,16:18:03
2025-11-21 16:18:04,6.97,0.30,,,2,16:18:06
2025-11-21 16:18:07,4.26,4.01,,,2,16:18:08
2025-11-21 16:18:09,5.21,1.00,,,2,16:18:10
2025-11-21 16:18:11,3.97,0.80,,,2,16:18:13
2025-11-21 16:18:14,3.57,0.08,,,2,16:18:15
2025-11-21 16:18:16,3.63,1.97,,,2,16:18:18
2025-11-21 16:18:19,5.55,0.11,,,2,16:18:20
2025-11-21 16:18:21,4.27,0.05,,,2,16:18:23
2025-11-21 16:18:24,7.21,1.70,,,2,16:18:25
2025-11-21 16:18:26,5.53,0.16,,,2,16:18:27
2025-11-21 16:18:28,3.59,0.00,,,2,16:18:30
2025-11-21 16:18:31,3.92,0.00,,,2,16:18:32
2025-11-21 16:18:33,5.59,0.02,,,2,16:18:35
2025-11-21 16:18:36,5.57,0.00,,,2,16:18:37
2025-11-21 16:18:38,5.90,0.00,,,2,16:18:40
2025-11-21 16:18:41,3.31,1.24,,,2,16:18:42
2025-11-21 16:18:43,4.57,1.27,,,2,16:18:44
2025-11-21 16:18:45,6.55,0.00,,,2,16:18:47
2025-11-21 16:18:48,6.29,0.00,,,2,16:18:49
2025-11-21 16:18:50,5.64,209.55,,,3,16:18:52
2025-11-21 16:18:53,17.61,36.49,,,3,16:18:54
2025-11-21 16:18:55,14.89,34.38,,,2,16:18:57
2025-11-21 16:18:58,7.14,30.23,,,2,16:18:59
2025-11-21 16:19:00,13.81,27.17,,,2,16:19:01
2025-11-21 16:19:02,7.5,27.39,,,2,16:19:04
2025-11-21 16:19:05,3.33,3.55,,,2,16:19:06
2025-11-21 16:19:07,4.40,0.18,,,2,16:19:09
2025-11-21 16:19:10,4.20,2.34,,,2,16:19:11
2025-11-21 16:19:12,3.84,2.99,,,2,16:19:13
2025-11-21 16:19:14,3.87,0.11,,,2,16:19:16
2025-11-21 16:19:17,3.78,1.03,,,2,16:19:18
2025-11-21 16:19:19,3.89,0.51,,,2,16:19:21
2025-11-21 16:19:22,5.11,31.45,,,3,16:19:23
2025-11-21 16:19:24,27.90,32.65,,,2,16:19:26
2025-11-21 16:19:27,8.57,33.26,,,2,16:19:28
2025-11-21 16:19:29,7.88,27.11,,,2,16:19:31
2025-11-21 16:19:32,14.37,30.17,,,2,16:19:33
2025-11-21 16:19:34,7.44,28.66,,,2,16:19:35
2025-11-21 16:19:36,12.99,27.46,,,2,16:19:38
2025-11-21 16:19:39,6.7,4.23,,,2,16:19:40
2025-11-21 16:19:41,3.23,13.76,,,2,16:19:43
2025-11-21 16:19:44,4.95,2.25,,,2,16:19:45
2025-11-21 16:19:46,9.42,6.88,,,2,16:19:47
2025-11-21 16:19:48,6.44,0.57,,,2,16:19:50
2025-11-21 16:19:51,2.51,0.04,,,2,16:19:52
2025-11-21 16:19:53,5.73,25.62,,,6,16:19:55
2025-11-21 16:19:56,24.11,29.85,,,2,16:19:57
2025-11-21 16:19:58,10.52,19.18,,,2,16:20:00
2025-11-21 16:20:01,7.25,30.55,,,2,16:20:02
2025-11-21 16:20:03,8.75,27.86,,,2,16:20:04
2025-11-21 16:20:05,10.87,29.02,,,2,16:20:07
2025-11-21 16:20:08,7.33,27.74,,,2,16:20:09
2025-11-21 16:20:10,7.40,31.53,,,2,16:20:12
2025-11-21 16:20:13,5.19,5.28,,,2,16:20:14
2025-11-21 16:20:15,4.17,2.04,,,2,16:20:17
2025-11-21 16:20:18,5.10,0.00,,,2,16:20:19
2025-11-21 16:20:20,5.18,2.56,,,2,16:20:21
2025-11-21 16:20:22,4.83,80.49,,,2,16:20:24
2025-11-21 16:20:25,24.3,17.69,,,2,16:20:26
2025-11-21 16:20:27,24.17,62.99,,,2,16:20:29
2025-11-21 16:20:30,7.41,31.70,,,2,16:20:31
2025-11-21 16:20:32,6.92,29.23,,,2,16:20:34
2025-11-21 16:20:35,5.73,30.81,,,2,16:20:36
2025-11-21 16:20:37,6.70,28.78,,,2,16:20:39
2025-11-21 16:20:40,12.27,20.37,,,2,16:20:41
2025-11-21 16:20:42,11.55,29.01,,,2,16:20:44
2025-11-21 16:20:45,4.71,4.00,,,2,16:20:46
2025-11-21 16:20:47,4.36,6.45,,,2,16:20:48
2025-11-21 16:20:49,4.23,0.08,,,2,16:20:51
2025-11-21 16:20:52,3.90,0.04,,,2,16:20:53
2025-11-21 16:20:54,4.34,29.29,,,2,16:20:56
2025-11-21 16:20:57,3.88,88.89,,,2,16:20:58
2025-11-21 16:20:59,4.43,150.25,,,2,16:21:00
2025-11-21 16:21:01,7.96,29.65,,,2,16:21:03
2025-11-21 16:21:04,11.46,30.18,,,2,16:21:05
2025-11-21 16:21:06,6.51,30.11,,,2,16:21:08
2025-11-21 16:21:09,7.59,29.27,,,2,16:21:10
2025-11-21 16:21:11,6.31,26.56,,,3,16:21:12
2025-11-21 16:21:14,6.27,30.93,,,2,16:21:15
2025-11-21 16:21:16,6.25,7.34,,,2,16:21:17
2025-11-21 16:21:18,5.43,0.02,,,2,16:21:20
2025-11-21 16:21:21,3.87,0.00,,,2,16:21:22
2025-11-21 16:21:23,4.50,0.00,,,2,16:21:25
2025-11-21 16:21:26,3.97,4.90,,,15,16:21:27
2025-11-21 16:21:28,4.16,80.82,,,2,16:21:29
2025-11-21 16:21:30,11.92,142.38,,,2,16:21:32
2025-11-21 16:21:33,7.14,30.17,,,2,16:21:34
2025-11-21 16:21:35,7.46,11.92,,,2,16:21:37
2025-11-21 16:21:38,6.64,36.40,,,2,16:21:39
2025-11-21 16:21:40,7.64,28.49,,,2,16:21:41
2025-11-21 16:21:42,7.41,30.38,,,2,16:21:44
2025-11-21 16:21:45,7.11,23.83,,,2,16:21:46
2025-11-21 16:21:47,7.26,22.61,,,2,16:21:49
2025-11-21 16:21:50,3.71,3.89,,,2,16:21:51
2025-11-21 16:21:52,4.87,0.00,,,2,16:21:53
2025-11-21 16:21:54,8.72,0.00,,,2,16:21:56
2025-11-21 16:21:57,4.47,18.02,,,2,16:21:58
2025-11-21 16:21:59,5.43,45.35,,,2,16:22:01
2025-11-21 16:22:02,5.12,125.23,,,3,16:22:03
2025-11-21 16:22:04,4.29,32.07,,,2,16:22:05
2025-11-21 16:22:07,10.97,31.78,,,2,16:22:08
2025-11-21 16:22:09,7.49,30.07,,,2,16:22:10
2025-11-21 16:22:11,6.86,29.45,,,2,16:22:13
2025-11-21 16:22:14,9.49,27.97,,,6,16:22:15
2025-11-21 16:22:16,8.25,29.17,,,2,16:22:18
2025-11-21 16:22:19,15.3,29.37,,,11,16:22:20
2025-11-21 16:22:21,5.51,4.41,,,2,16:22:22
2025-11-21 16:22:23,3.57,0.05,,,2,16:22:25
2025-11-21 16:22:26,4.93,2.63,,,2,16:22:27
2025-11-21 16:22:28,4.50,95.73,,,2,16:22:30
2025-11-21 16:22:31,12.68,64.32,,,2,16:22:32
2025-11-21 16:22:33,16.43,13.06,,,2,16:22:35
2025-11-21 16:22:36,7.14,21.61,,,2,16:22:37
2025-11-21 16:22:38,6.75,32.28,,,2,16:22:39
2025-11-21 16:22:40,7.21,29.16,,,2,16:22:42
2025-11-21 16:22:43,7.26,22.47,,,2,16:22:44
2025-11-21 16:22:45,16.0,37.66,,,2,16:22:47
2025-11-21 16:22:48,6.84,30.09,,,2,16:22:49
2025-11-21 16:22:50,5.90,30.05,,,2,16:22:51
2025-11-21 16:22:52,4.0,5.17,,,2,16:22:54
2025-11-21 16:22:55,2.94,0.39,,,2,16:22:56
2025-11-21 16:22:57,3.92,0.06,,,2,16:22:59
2025-11-21 16:23:00,4.51,18.37,,,2,16:23:01
2025-11-21 16:23:02,8.28,70.05,,,2,16:23:03
2025-11-21 16:23:04,3.93,56.79,,,2,16:23:06
2025-11-21 16:23:07,3.92,15.96,,,2,16:23:08
2025-11-21 16:23:09,5.33,33.65,,,2,16:23:11
2025-11-21 16:23:12,10.25,30.61,,,2,16:23:13
2025-11-21 16:23:14,7.89,31.10,,,2,16:23:16
2025-11-21 16:23:17,7.74,12.23,,,2,16:23:18
2025-11-21 16:23:19,7.81,26.39,,,2,16:23:20
2025-11-21 16:23:21,6.86,33.75,,,2,16:23:23
2025-11-21 16:23:24,6.60,19.59,,,2,16:23:25
2025-11-21 16:23:26,10.46,0.12,,,2,16:23:28
2025-11-21 16:23:29,5.12,0.26,,,2,16:23:30
2025-11-21 16:23:31,17.87,28.02,,,2,16:23:32
2025-11-21 16:23:33,10.52,11.81,,,2,16:23:35
2025-11-21 16:23:36,3.35,56.56,,,2,16:23:37
2025-11-21 16:23:38,3.96,37.31,,,2,16:23:40
2025-11-21 16:23:41,4.4,6.76,,,2,16:23:42
2025-11-21 16:23:43,13.71,33.50,,,2,16:23:45
2025-11-21 16:23:46,6.93,32.80,,,2,16:23:47
2025-11-21 16:23:48,5.62,32.83,,,2,16:23:49
2025-11-21 16:23:50,14.76,7.04,,,2,16:23:52
2025-11-21 16:23:53,4.31,9.11,,,2,16:23:54
2025-11-21 16:23:55,5.55,0.00,,,2,16:23:57
2025-11-21 16:23:58,4.30,3.63,,,2,16:23:59
2025-11-21 16:24:00,6.90,0.00,,,2,16:24:01
2025-11-21 16:24:03,5.96,0.00,,,2,16:24:04
2025-11-21 16:24:05,5.31,1.04,,,2,16:24:06
2025-11-21 16:24:07,4.30,0.41,,,2,16:24:09
2025-11-21 16:24:10,4.56,2.40,,,2,16:24:11
2025-11-21 16:24:12,5.57,0.70,,,2,16:24:14
2025-11-21 16:24:15,7.86,0.00,,,2,16:24:16
2025-11-21 16:24:17,4.54,0.03,,,2,16:24:18
2025-11-21 16:24:20,4.30,0.00,,,2,16:24:21
2025-11-21 16:24:22,8.94,0.00,,,2,16:24:23
2025-11-21 16:24:24,3.98,0.00,,,2,16:24:26
2025-11-21 16:24:27,4.90,0.00,,,2,16:24:28
2025-11-21 16:24:29,4.95,16.37,,,2,16:24:31
2025-11-21 16:24:32,3.30,2.72,,,2,16:24:33
2025-11-21 16:24:34,4.59,0.00,,,2,16:24:35
2025-11-21 16:24:37,3.92,0.36,,,2,16:24:38
2025-11-21 16:24:39,6.53,0.00,,,2,16:24:40
2025-11-21 16:24:41,6.57,6.57,,,2,16:24:43
2025-11-21 16:24:44,14.14,1.70,,,2,16:24:45
2025-11-21 16:24:46,14.61,3.94,,,2,16:24:48
2025-11-21 16:24:49,6.91,0.01,,,2,16:24:50
2025-11-21 16:24:51,5.7,0.05,,,2,16:24:53
2025-11-21 16:24:54,4.45,0.00,,,2,16:24:55
2025-11-21 16:24:56,8.25,0.34,,,2,16:24:57
2025-11-21 16:24:58,6.2,0.10,,,2,16:25:00
2025-11-21 16:25:01,6.5,0.00,,,2,16:25:02
2025-11-21 16:25:03,4.73,0.08,,,2,16:25:05
2025-11-21 16:25:06,4.79,1.89,,,2,16:25:07
2025-11-21 16:25:08,4.76,0.00,,,2,16:25:10
2025-11-21 16:25:11,4.44,0.05,,,2,16:25:12
2025-11-21 16:25:13,4.12,1.67,,,2,16:25:14
2025-11-21 16:25:15,4.47,0.18,,,2,16:25:17
2025-11-21 16:25:18,4.15,0.00,,,2,16:25:19
2025-11-21 16:25:20,4.15,0.00,,,2,16:25:22
2025-11-21 16:25:23,3.84,0.05,,,2,16:25:24
2025-11-21 16:25:25,4.45,0.00,,,2,16:25:27
2025-11-21 16:25:28,3.83,0.00,,,2,16:25:29
2025-11-21 16:25:30,12.72,0.00,,,2,16:25:32
2025-11-21 16:25:33,3.80,0.00,,,2,16:25:34
2025-11-21 16:25:35,5.0,0.00,,,2,16:25:36
2025-11-21 16:25:37,3.82,5.10,,,2,16:25:39
2025-11-21 16:25:40,3.83,2.27,,,2,16:25:41
2025-11-21 16:25:42,5.3,0.00,,,2,16:25:44
2025-11-21 16:25:45,4.76,0.32,,,2,16:25:46
2025-11-21 16:25:47,5.12,0.00,,,2,16:25:49
2025-11-21 16:25:50,3.90,0.00,,,2,16:25:51
2025-11-21 16:25:52,4.68,0.00,,,2,16:25:53
2025-11-21 16:25:54,3.94,0.00,,,2,16:25:56
2025-11-21 16:25:57,3.65,0.22,,,2,16:25:58
2025-11-21 16:25:59,4.27,0.31,,,2,16:26:01
2025-11-21 16:26:02,5.92,0.02,,,2,16:26:03
2025-11-21 16:26:04,4.56,0.00,,,2,16:26:06
2025-11-21 16:26:07,6.84,0.34,,,2,16:26:08
2025-11-21 16:26:09,11.14,6.63,,,2,16:26:10
2025-11-21 16:26:11,5.98,0.14,,,2,16:26:13
2025-11-21 16:26:14,6.90,6.89,,,2,16:26:15
2025-11-21 16:26:16,4.22,0.00,,,2,16:26:18
2025-11-21 16:26:19,4.0,0.05,,,2,16:26:20
2025-11-21 16:26:21,3.98,0.13,,,2,16:26:23
2025-11-21 16:26:24,3.65,0.00,,,2,16:26:25
2025-11-21 16:26:26,9.96,0.00,,,2,16:26:27
2025-11-21 16:26:28,3.96,0.00,,,2,16:26:30
2025-11-21 16:26:31,5.44,0.02,,,2,16:26:32
2025-11-21 16:26:33,4.69,7.10,,,2,16:26:35
2025-11-21 16:26:36,3.65,0.27,,,2,16:26:37
2025-11-21 16:26:38,4.33,0.00,,,2,16:26:40
2025-11-21 16:26:41,4.90,0.00,,,2,16:26:42
2025-11-21 16:26:43,4.96,0.00,,,2,16:26:44
2025-11-21 16:26:45,4.91,6.86,,,2,16:26:47
2025-11-21 16:26:48,12.29,3.35,,,2,16:26:49
2025-11-21 16:26:50,5.61,0.02,,,2,16:26:52
2025-11-21 16:26:53,7.92,0.03,,,2,16:26:54
2025-11-21 16:26:55,4.62,0.00,,,2,16:26:57
2025-11-21 16:26:58,12.54,0.14,,,2,16:26:59
2025-11-21 16:27:00,6.90,11.25,,,2,16:27:01
2025-11-21 16:27:02,8.46,0.00,,,2,16:27:04
2025-11-21 16:27:05,3.59,0.34,,,2,16:27:06
2025-11-21 16:27:07,15.40,1.61,,,2,16:27:09
2025-11-21 16:27:10,6.88,9.90,,,2,16:27:11
2025-11-21 16:27:12,6.84,0.31,,,2,16:27:14
2025-11-21 16:27:15,6.51,1.73,,,2,16:27:16
2025-11-21 16:27:17,4.93,2.93,,,2,16:27:18
2025-11-21 16:27:19,5.21,0.62,,,2,16:27:21
2025-11-21 16:27:22,7.84,2.33,,,2,16:27:23
2025-11-21 16:27:24,6.68,0.24,,,2,16:27:26
2025-11-21 16:27:27,26.71,230.31,,,5,16:27:28
2025-11-21 16:27:29,17.13,62.07,,,3,16:27:31
2025-11-21 16:27:32,9.75,34.34,,,2,16:27:33
2025-11-21 16:27:34,7.97,34.51,,,2,16:27:36
2025-11-21 16:27:37,8.53,29.64,,,2,16:27:38
2025-11-21 16:27:39,9.59,33.27,,,2,16:27:40
2025-11-21 16:27:41,4.86,10.75,,,2,16:27:43
2025-11-21 16:27:44,4.62,0.06,,,2,16:27:45
2025-11-21 16:27:46,11.49,1.24,,,2,16:27:48
2025-11-21 16:27:49,4.33,0.06,,,2,16:27:50
2025-11-21 16:27:51,8.79,0.39,,,2,16:27:53
2025-11-21 16:27:54,3.83,0.00,,,2,16:27:55
2025-11-21 16:27:56,5.39,0.00,,,2,16:27:57
2025-11-21 16:27:58,31.10,143.11,,,2,16:28:00
2025-11-21 16:28:01,4.95,31.36,,,2,16:28:02
2025-11-21 16:28:03,8.79,28.31,,,2,16:28:05
2025-11-21 16:28:06,7.89,33.79,,,6,16:28:07
2025-11-21 16:28:08,12.46,31.58,,,2,16:28:10
2025-11-21 16:28:11,8.73,27.60,,,2,16:28:12
2025-11-21 16:28:13,8.11,30.09,,,2,16:28:14
2025-11-21 16:28:15,4.12,18.89,,,2,16:28:17
2025-11-21 16:28:18,4.37,0.37,,,2,16:28:19
2025-11-21 16:28:20,3.16,0.41,,,2,16:28:22
2025-11-21 16:28:23,2.50,0.16,,,2,16:28:24
2025-11-21 16:28:25,2.74,1.45,,,2,16:28:26
2025-11-21 16:28:28,2.78,60.64,,,2,16:28:29
2025-11-21 16:28:30,5.1,134.96,,,3,16:28:31
2025-11-21 16:28:32,9.43,29.54,,,2,16:28:34
2025-11-21 16:28:35,7.18,31.63,,,2,16:28:36
2025-11-21 16:28:37,7.54,30.15,,,2,16:28:39
2025-11-21 16:28:40,8.49,37.89,,,2,16:28:41
2025-11-21 16:28:42,7.93,27.43,,,2,16:28:43
2025-11-21 16:28:44,7.88,28.29,,,12,16:28:46
2025-11-21 16:28:47,4.90,4.21,,,2,16:28:48
2025-11-21 16:28:49,4.95,4.37,,,2,16:28:51
2025-11-21 16:28:52,4.43,9.08,,,2,16:28:53
2025-11-21 16:28:54,4.80,0.22,,,2,16:28:56
2025-11-21 16:28:57,7.50,0.00,,,2,16:28:58
2025-11-21 16:28:59,11.66,66.00,,,2,16:29:00
2025-11-21 16:29:01,5.99,148.71,,,2,16:29:03
2025-11-21 16:29:04,8.17,25.48,,,2,16:29:05
2025-11-21 16:29:06,15.13,28.67,,,2,16:29:08
2025-11-21 16:29:09,10.9,28.13,,,2,16:29:10
2025-11-21 16:29:11,10.34,30.35,,,2,16:29:13
2025-11-21 16:29:14,12.2,29.87,,,2,16:29:15
2025-11-21 16:29:16,10.67,31.89,,,2,16:29:17
2025-11-21 16:29:18,7.14,27.51,,,2,16:29:20
2025-11-21 16:29:21,2.97,5.92,,,2,16:29:22
2025-11-21 16:29:23,5.69,5.52,,,2,16:29:25
2025-11-21 16:29:26,3.34,16.70,,,2,16:29:27
2025-11-21 16:29:28,4.19,0.39,,,2,16:29:29
2025-11-21 16:29:30,22.37,34.52,,,2,16:29:32
2025-11-21 16:29:33,17.31,18.38,,,2,16:29:34
2025-11-21 16:29:35,6.79,24.58,,,2,16:29:37
2025-11-21 16:29:38,7.51,25.50,,,6,16:29:39
2025-11-21 16:29:40,6.20,30.69,,,2,16:29:42
2025-11-21 16:29:43,7.26,18.79,,,2,16:29:44
2025-11-21 16:29:45,7.79,26.99,,,2,16:29:46
2025-11-21 16:29:47,11.50,34.31,,,2,16:29:49
2025-11-21 16:29:50,7.54,27.14,,,2,16:29:51
2025-11-21 16:29:52,4.93,3.98,,,2,16:29:54
2025-11-21 16:29:55,4.56,0.02,,,2,16:29:56
2025-11-21 16:29:57,4.48,0.05,,,2,16:29:58
2025-11-21 16:29:59,4.48,0.02,,,2,16:30:01
2025-11-21 16:30:02,3.98,54.90,,,2,16:30:03
2025-11-21 16:30:04,8.6,64.73,,,2,16:30:06
2025-11-21 16:30:07,6.77,21.25,,,2,16:30:08
2025-11-21 16:30:09,7.21,38.39,,,2,16:30:11
2025-11-21 16:30:12,8.88,37.50,,,3,16:30:13
2025-11-21 16:30:14,7.56,32.00,,,2,16:30:15
2025-11-21 16:30:16,8.3,37.05,,,2,16:30:18
2025-11-21 16:30:19,6.91,31.50,,,2,16:30:20
2025-11-21 16:30:21,10.86,29.92,,,2,16:30:23
2025-11-21 16:30:24,10.15,5.10,,,2,16:30:25
2025-11-21 16:30:26,3.76,0.20,,,2,16:30:27
2025-11-21 16:30:28,5.66,0.02,,,2,16:30:30
2025-11-21 16:30:31,4.2,106.47,,,2,16:30:32
2025-11-21 16:30:33,15.81,65.20,,,2,16:30:35
2025-11-21 16:30:36,6.50,19.63,,,2,16:30:37
2025-11-21 16:30:38,7.59,23.90,,,2,16:30:40
2025-11-21 16:30:41,8.12,15.77,,,2,16:30:42
2025-11-21 16:30:43,7.78,36.00,,,2,16:30:44
2025-11-21 16:30:45,7.83,30.66,,,2,16:30:47
2025-11-21 16:30:48,7.12,28.74,,,2,16:30:49
2025-11-21 16:30:50,7.25,31.38,,,7,16:30:52
2025-11-21 16:30:53,7.54,30.32,,,2,16:30:54
2025-11-21 16:30:55,8.4,6.80,,,2,16:30:57
2025-11-21 16:30:58,4.43,13.14,,,2,16:30:59
2025-11-21 16:31:00,4.90,0.00,,,2,16:31:01
2025-11-21 16:31:02,3.79,18.71,,,3,16:31:04
2025-11-21 16:31:05,3.19,62.11,,,2,16:31:06
2025-11-21 16:31:07,4.10,87.06,,,2,16:31:09
2025-11-21 16:31:10,4.43,63.18,,,2,16:31:11
2025-11-21 16:31:12,12.57,34.86,,,2,16:31:13
2025-11-21 16:31:14,7.14,30.71,,,2,16:31:16
2025-11-21 16:31:17,7.11,8.04,,,2,16:31:18
2025-11-21 16:31:19,7.46,21.94,,,2,16:31:21
2025-11-21 16:31:22,7.84,27.96,,,2,16:31:23
2025-11-21 16:31:24,8.94,30.93,,,2,16:31:26
2025-11-21 16:31:27,8.76,25.19,,,2,16:31:28
2025-11-21 16:31:29,3.89,12.77,,,2,16:31:30
2025-11-21 16:31:31,3.26,65.00,,,11,16:31:33
2025-11-21 16:31:34,4.19,102.76,,,2,16:31:35
2025-11-21 16:31:36,4.85,81.28,,,2,16:31:38
2025-11-21 16:31:39,25.25,25.17,,,2,16:31:40
2025-11-21 16:31:41,4.63,5.97,,,2,16:31:43
2025-11-21 16:31:44,7.89,31.03,,,2,16:31:45
2025-11-21 16:31:46,10.35,32.58,,,2,16:31:47
2025-11-21 16:31:48,5.24,32.27,,,2,16:31:50
2025-11-21 16:31:51,7.41,19.19,,,2,16:31:52
2025-11-21 16:31:53,7.84,30.95,,,2,16:31:55
2025-11-21 16:31:56,7.16,30.43,,,2,16:31:57
2025-11-21 16:31:58,6.86,27.92,,,2,16:31:59
2025-11-21 16:32:00,4.24,5.26,,,2,16:32:02
2025-11-21 16:32:03,20.99,57.11,,,2,16:32:04
2025-11-21 16:32:05,17.72,19.63,,,2,16:32:07
2025-11-21 16:32:08,5.21,91.02,,,2,16:32:09
2025-11-21 16:32:10,25.71,24.29,,,2,16:32:12
2025-11-21 16:32:13,8.88,17.83,,,2,16:32:14
2025-11-21 16:32:15,9.43,12.25,,,2,16:32:16
2025-11-21 16:32:18,7.7,29.33,,,2,16:32:19
2025-11-21 16:32:20,15.6,13.08,,,3,16:32:21
2025-11-21 16:32:22,8.22,13.11,,,2,16:32:24
2025-11-21 16:32:25,21.80,32.66,,,2,16:32:26
2025-11-21 16:32:27,14.80,10.06,,,2,16:32:29
2025-11-21 16:32:30,4.27,0.00,,,2,16:32:31
2025-11-21 16:32:32,7.30,0.00,,,2,16:32:34
2025-11-21 16:32:35,11.33,2.01,,,2,16:32:36
2025-11-21 16:32:37,10.16,0.59,,,2,16:32:38
2025-11-21 16:32:39,15.35,14.73,,,2,16:32:41
2025-11-21 16:32:42,5.26,0.00,,,2,16:32:43
2025-11-21 16:32:44,6.18,0.11,,,2,16:32:46
2025-11-21 16:32:47,8.3,0.54,,,2,16:32:48
2025-11-21 16:32:49,10.22,0.53,,,2,16:32:51
2025-11-21 16:32:52,4.4,7.99,,,2,16:32:53
2025-11-21 16:32:54,4.70,0.02,,,2,16:32:55
2025-11-21 16:32:56,6.94,0.03,,,2,16:32:58
2025-11-21 16:32:59,4.79,0.00,,,2,16:33:00
2025-11-21 16:33:01,3.40,2.55,,,2,16:33:03
2025-11-21 16:33:04,5.66,0.05,,,2,16:33:05
2025-11-21 16:33:06,6.25,0.02,,,2,16:33:08
2025-11-21 16:33:09,5.24,0.09,,,2,16:33:10
2025-11-21 16:33:11,3.50,0.03,,,2,16:33:13
2025-11-21 16:33:14,4.36,0.01,,,2,16:33:15
2025-11-21 16:33:16,5.39,0.00,,,2,16:33:17
2025-11-21 16:33:18,6.64,0.05,,,2,16:33:20
2025-11-21 16:33:21,6.84,0.18,,,2,16:33:22
2025-11-21 16:33:23,7.61,0.51,,,2,16:33:25
2025-11-21 16:33:26,4.54,13.28,,,2,16:33:27
2025-11-21 16:33:28,6.56,0.81,,,2,16:33:30
2025-11-21 16:33:31,2.14,0.01,,,2,16:33:32
2025-11-21 16:33:33,5.24,0.09,,,2,16:33:35
2025-11-21 16:33:36,5.14,0.74,,,2,16:33:37
2025-11-21 16:33:38,11.73,0.02,,,2,16:33:39
2025-11-21 16:33:40,4.29,0.12,,,2,16:33:42
2025-11-21 16:33:43,5.27,0.14,,,2,16:33:44
2025-11-21 16:33:45,4.67,0.00,,,2,16:33:47
2025-11-21 16:33:48,3.76,50.87,,,2,16:33:49
2025-11-21 16:33:50,4.64,0.42,,,2,16:33:52
2025-11-21 16:33:53,5.21,0.84,,,2,16:33:54
2025-11-21 16:33:55,9.62,199.78,,,5,16:33:57
2025-11-21 16:33:58,11.37,37.92,,,2,16:33:59
2025-11-21 16:34:00,8.86,40.15,,,2,16:34:01
2025-11-21 16:34:02,7.30,34.85,,,2,16:34:04
2025-11-21 16:34:05,6.70,31.66,,,2,16:34:06
2025-11-21 16:34:07,6.66,24.62,,,2,16:34:09
2025-11-21 16:34:10,2.49,14.09,,,2,16:34:11
2025-11-21 16:34:12,3.15,1.07,,,2,16:34:14
2025-11-21 16:34:15,2.50,0.07,,,2,16:34:16
2025-11-21 16:34:17,4.2,1.50,,,2,16:34:18
2025-11-21 16:34:19,3.10,0.72,,,2,16:34:21
2025-11-21 16:34:22,2.22,0.06,,,2,16:34:23
2025-11-21 16:34:24,6.99,0.34,,,2,16:34:26
2025-11-21 16:34:27,2.82,152.52,,,5,16:34:28
2025-11-21 16:34:29,11.74,26.81,,,6,16:34:30
2025-11-21 16:34:31,6.5,33.50,,,2,16:34:33
2025-11-21 16:34:34,6.58,35.16,,,2,16:34:35
2025-11-21 16:34:36,5.44,35.96,,,2,16:34:38
2025-11-21 16:34:39,5.50,31.29,,,2,16:34:40
2025-11-21 16:34:41,5.50,21.13,,,2,16:34:43
2025-11-21 16:34:44,2.94,13.79,,,2,16:34:45
2025-11-21 16:34:46,3.39,0.00,,,2,16:34:47
2025-11-21 16:34:48,2.91,0.00,,,2,16:34:50
2025-11-21 16:34:51,2.50,0.31,,,2,16:34:52
2025-11-21 16:34:53,3.25,0.00,,,2,16:34:55
2025-11-21 16:34:56,2.50,1.10,,,2,16:34:57
2025-11-21 16:34:58,2.77,30.92,,,2,16:34:59
2025-11-21 16:35:00,15.77,32.07,,,2,16:35:02
2025-11-21 16:35:03,9.62,34.28,,,3,16:35:04
2025-11-21 16:35:05,5.75,28.15,,,4,16:35:07
2025-11-21 16:35:08,5.46,34.10,,,2,16:35:09
2025-11-21 16:35:10,5.76,33.17,,,2,16:35:12
2025-11-21 16:35:13,5.73,31.36,,,2,16:35:14
2025-11-21 16:35:15,2.78,3.13,,,2,16:35:16
2025-11-21 16:35:17,2.40,0.54,,,2,16:35:19
2025-11-21 16:35:20,2.12,0.22,,,2,16:35:21
2025-11-21 16:35:22,2.45,16.35,,,2,16:35:24
2025-11-21 16:35:25,2.70,0.06,,,2,16:35:26
2025-11-21 16:35:27,1.84,78.52,,,2,16:35:29
2025-11-21 16:35:30,21.20,27.22,,,2,16:35:31
2025-11-21 16:35:32,24.88,66.15,,,2,16:35:34
2025-11-21 16:35:35,4.65,35.12,,,2,16:35:36
2025-11-21 16:35:37,6.64,32.89,,,2,16:35:39
2025-11-21 16:35:40,5.88,36.28,,,2,16:35:41
2025-11-21 16:35:42,6.48,33.79,,,2,16:35:43
2025-11-21 16:35:44,5.23,34.33,,,2,16:35:46
2025-11-21 16:35:47,3.42,3.86,,,2,16:35:48
2025-11-21 16:35:49,3.0,0.33,,,2,16:35:51
2025-11-21 16:35:52,2.7,0.02,,,2,16:35:53
2025-11-21 16:35:54,2.99,0.00,,,2,16:35:56
2025-11-21 16:35:57,2.67,0.01,,,2,16:35:58
2025-11-21 16:35:59,16.44,30.67,,,2,16:36:00
2025-11-21 16:36:01,1.51,83.80,,,2,16:36:03
2025-11-21 16:36:04,6.89,133.42,,,2,16:36:05
2025-11-21 16:36:06,5.24,22.73,,,2,16:36:08
2025-11-21 16:36:09,5.57,34.48,,,2,16:36:10
2025-11-21 16:36:11,5.24,22.35,,,2,16:36:13
2025-11-21 16:36:14,6.9,35.43,,,4,16:36:15
2025-11-21 16:36:16,6.46,31.20,,,2,16:36:17
2025-11-21 16:36:18,5.4,17.28,,,2,16:36:20
2025-11-21 16:36:21,2.18,0.27,,,2,16:36:22
2025-11-21 16:36:23,2.79,0.60,,,2,16:36:25
2025-11-21 16:36:26,3.11,0.06,,,2,16:36:27
2025-11-21 16:36:28,2.80,0.50,,,3,16:36:30
2025-11-21 16:36:31,3.14,87.26,,,2,16:36:32
2025-11-21 16:36:33,3.10,96.34,,,2,16:36:34
2025-11-21 16:36:35,22.5,39.69,,,2,16:36:37
2025-11-21 16:36:38,6.25,37.85,,,6,16:36:39
2025-11-21 16:36:40,5.93,28.24,,,2,16:36:42
2025-11-21 16:36:43,9.90,34.00,,,3,16:36:44
2025-11-21 16:36:45,5.41,35.21,,,6,16:36:47
2025-11-21 16:36:48,5.99,31.67,,,2,16:36:49
2025-11-21 16:36:50,6.89,24.21,,,2,16:36:51
2025-11-21 16:36:52,2.56,3.55,,,2,16:36:54
2025-11-21 16:36:55,2.86,0.02,,,2,16:36:56
2025-11-21 16:36:57,1.91,0.03,,,2,16:36:59
2025-11-21 16:37:00,5.88,58.09,,,2,16:37:01
2025-11-21 16:37:02,23.1,19.34,,,2,16:37:04
2025-11-21 16:37:05,2.25,16.81,,,2,16:37:06
2025-11-21 16:37:07,3.9,10.66,,,2,16:37:08
2025-11-21 16:37:09,2.53,37.87,,,2,16:37:11
2025-11-21 16:37:12,5.41,34.34,,,2,16:37:13
2025-11-21 16:37:14,6.58,35.28,,,2,16:37:16
2025-11-21 16:37:17,5.44,34.20,,,2,16:37:18
2025-11-21 16:37:19,5.66,31.99,,,2,16:37:21
2025-11-21 16:37:22,6.1,34.24,,,2,16:37:23
2025-11-21 16:37:24,3.15,3.99,,,2,16:37:25
2025-11-21 16:37:26,2.19,0.00,,,2,16:37:28
2025-11-21 16:37:29,3.8,16.40,,,2,16:37:30
2025-11-21 16:37:31,2.20,12.85,,,8,16:37:33
2025-11-21 16:37:34,2.50,9.35,,,2,16:37:35
2025-11-21 16:37:36,3.15,4.65,,,2,16:37:37
2025-11-21 16:37:38,2.60,19.94,,,2,16:37:40
2025-11-21 16:37:41,2.59,16.97,,,2,16:37:42
2025-11-21 16:37:43,7.47,36.08,,,2,16:37:45
2025-11-21 16:37:46,6.41,34.57,,,2,16:37:47
2025-11-21 16:37:48,2.90,16.83,,,2,16:37:50
2025-11-21 16:37:51,5.14,33.83,,,2,16:37:52
2025-11-21 16:37:53,7.91,34.83,,,2,16:37:54
2025-11-21 16:37:55,3.44,6.24,,,2,16:37:57
2025-11-21 16:37:58,2.50,8.36,,,2,16:37:59
2025-11-21 16:38:00,2.76,76.72,,,2,16:38:02
2025-11-21 16:38:03,2.48,93.05,,,2,16:38:04
2025-11-21 16:38:05,5.34,4.76,,,2,16:38:06
2025-11-21 16:38:07,5.27,80.73,,,9,16:38:09
2025-11-21 16:38:10,3.16,8.48,,,2,16:38:11
2025-11-21 16:38:12,2.53,15.88,,,2,16:38:14
2025-11-21 16:38:15,2.21,23.47,,,2,16:38:16
2025-11-21 16:38:17,10.59,36.35,,,2,16:38:19
2025-11-21 16:38:20,6.38,30.85,,,2,16:38:21
2025-11-21 16:38:22,5.94,29.87,,,2,16:38:23
2025-11-21 16:38:24,8.61,30.23,,,2,16:38:26
2025-11-21 16:38:27,9.3,14.01,,,2,16:38:28
2025-11-21 16:38:29,19.55,4.42,,,2,16:38:31
2025-11-21 16:38:32,2.82,54.59,,,2,16:38:33
2025-11-21 16:38:34,4.67,96.18,,,2,16:38:36
2025-11-21 16:38:37,6.1,24.98,,,2,16:38:38
2025-11-21 16:38:39,19.51,8.33,,,2,16:38:40
2025-11-21 16:38:41,4.15,7.13,,,2,16:38:43
2025-11-21 16:38:44,9.46,29.83,,,2,16:38:45
2025-11-21 16:38:46,9.26,30.01,,,2,16:38:48
2025-11-21 16:38:49,7.39,32.65,,,2,16:38:50
2025-11-21 16:38:51,7.21,35.33,,,2,16:38:53
2025-11-21 16:38:54,11.90,16.44,,,2,16:38:55
2025-11-21 16:38:56,3.89,5.55,,,2,16:38:57
2025-11-21 16:38:58,4.87,0.02,,,2,16:39:00
2025-11-21 16:39:01,5.12,0.02,,,2,16:39:02
2025-11-21 16:39:03,5.39,0.02,,,2,16:39:05
2025-11-21 16:39:06,5.53,0.00,,,2,16:39:07
2025-11-21 16:39:08,6.32,0.00,,,2,16:39:10
2025-11-21 16:39:11,4.53,0.00,,,2,16:39:12
2025-11-21 16:39:13,4.48,0.12,,,2,16:39:14
2025-11-21 16:39:15,4.83,0.02,,,2,16:39:17
2025-11-21 16:39:18,5.50,0.34,,,2,16:39:19
2025-11-21 16:39:20,4.82,0.34,,,2,16:39:22
2025-11-21 16:39:23,6.8,0.06,,,2,16:39:24
2025-11-21 16:39:25,3.80,0.10,,,2,16:39:27
2025-11-21 16:39:28,4.22,0.00,,,2,16:39:29
2025-11-21 16:39:30,5.43,0.16,,,2,16:39:31
2025-11-21 16:39:33,4.50,0.22,,,2,16:39:34
2025-11-21 16:39:35,13.16,0.14,,,2,16:39:36
2025-11-21 16:39:37,5.73,0.58,,,2,16:39:39
2025-11-21 16:39:40,5.57,3.27,,,2,16:39:41
2025-11-21 16:39:42,5.64,0.00,,,2,16:39:44
2025-11-21 16:39:45,5.32,0.01,,,2,16:39:46
2025-11-21 16:39:47,4.2,0.85,,,2,16:39:49
2025-11-21 16:39:50,5.29,0.06,,,2,16:39:51
2025-11-21 16:39:52,4.3,2.57,,,2,16:39:53
2025-11-21 16:39:55,5.59,0.00,,,2,16:39:56
2025-11-21 16:39:57,4.95,0.00,,,2,16:39:58
2025-11-21 16:39:59,5.34,0.65,,,2,16:40:01
2025-11-21 16:40:02,5.88,0.02,,,2,16:40:03
2025-11-21 16:40:04,15.69,1.11,,,2,16:40:06
2025-11-21 16:40:07,46.58,0.05,,,2,16:40:08
2025-11-21 16:40:09,8.83,2.79,,,2,16:40:11
2025-11-21 16:40:12,10.55,0.18,,,2,16:40:13
2025-11-21 16:40:14,4.28,0.91,,,2,16:40:16
2025-11-21 16:40:17,3.33,7.98,,,2,16:40:18
2025-11-21 16:40:19,4.73,0.22,,,2,16:40:20
2025-11-21 16:40:21,4.79,1.40,,,2,16:40:23
2025-11-21 16:40:24,18.44,0.01,,,2,16:40:25
2025-11-21 16:40:26,3.50,0.07,,,2,16:40:28
2025-11-21 16:40:29,4.47,0.00,,,2,16:40:30
2025-11-21 16:40:31,3.30,0.04,,,2,16:40:33
2025-11-21 16:40:34,3.83,1.43,,,2,16:40:35
2025-11-21 16:40:36,4.11,0.00,,,2,16:40:38
2025-11-21 16:40:39,4.49,0.00,,,2,16:40:40
2025-11-21 16:40:41,3.86,0.06,,,2,16:40:43
2025-11-21 16:40:44,4.46,0.00,,,2,16:40:45
2025-11-21 16:40:46,4.51,0.00,,,2,16:40:48
2025-11-21 16:40:49,3.84,0.00,,,2,16:40:50
2025-11-21 16:40:51,4.20,0.19,,,2,16:40:52
2025-11-21 16:40:53,2.70,0.00,,,2,16:40:55
2025-11-21 16:40:56,6.7,0.11,,,2,16:40:57
2025-11-21 16:40:58,5.84,0.00,,,2,16:41:00
2025-11-21 16:41:01,6.79,0.44,,,2,16:41:02
2025-11-21 16:41:03,5.50,1.19,,,2,16:41:05
2025-11-21 16:41:06,3.3,0.00,,,2,16:41:07
2025-11-21 16:41:08,3.7,2.16,,,2,16:41:10
2025-11-21 16:41:11,24.34,0.23,,,2,16:41:12
2025-11-21 16:41:13,4.98,0.39,,,2,16:41:15
2025-11-21 16:41:16,15.78,2.46,,,2,16:41:17
2025-11-21 16:41:18,16.2,5.09,,,2,16:41:19
2025-11-21 16:41:20,3.79,0.04,,,2,16:41:22
2025-11-21 16:41:23,4.24,0.11,,,2,16:41:24
2025-11-21 16:41:25,4.47,0.31,,,2,16:41:27
2025-11-21 16:41:28,5.76,0.01,,,2,16:41:29
2025-11-21 16:41:30,17.31,0.87,,,2,16:41:32
2025-11-21 16:41:33,4.74,0.87,,,2,16:41:34
2025-11-21 16:41:35,12.86,0.09,,,2,16:41:37
2025-11-21 16:41:38,5.71,0.23,,,2,16:41:39
2025-11-21 16:41:40,5.9,0.30,,,2,16:41:41
2025-11-21 16:41:42,4.80,0.23,,,2,16:41:44
2025-11-21 16:41:45,7.5,0.01,,,2,16:41:46
2025-11-21 16:41:47,4.14,0.73,,,2,16:41:49
2025-11-21 16:41:50,5.67,0.41,,,2,16:41:51
2025-11-21 16:41:52,4.48,2.38,,,2,16:41:54
2025-11-21 16:41:55,6.96,0.08,,,2,16:41:56
2025-11-21 16:41:57,6.34,0.02,,,2,16:41:58
2025-11-21 16:41:59,13.58,0.47,,,2,16:42:01
2025-11-21 16:42:02,3.83,2.12,,,2,16:42:03
2025-11-21 16:42:04,44.87,2.79,,,2,16:42:06
2025-11-21 16:42:07,14.88,7.53,,,2,16:42:08
2025-11-21 16:42:09,37.34,6.72,,,2,16:42:11
2025-11-21 16:42:12,3.80,1.22,,,2,16:42:13
2025-11-21 16:42:14,4.18,0.00,,,2,16:42:16
2025-11-21 16:42:17,2.85,0.02,,,2,16:42:18
2025-11-21 16:42:19,13.85,0.01,,,2,16:42:20
2025-11-21 16:42:21,5.64,0.36,,,2,16:42:23
2025-11-21 16:42:24,3.75,0.12,,,2,16:42:25
2025-11-21 16:42:26,5.75,0.09,,,2,16:42:28
2025-11-21 16:42:29,3.20,0.00,,,2,16:42:30
2025-11-21 16:42:31,5.16,0.02,,,2,16:42:33
2025-11-21 16:42:34,10.3,4.80,,,2,16:42:35
2025-11-21 16:42:36,3.76,0.27,,,2,16:42:38
2025-11-21 16:42:39,3.49,0.17,,,2,16:42:40
2025-11-21 16:42:41,4.32,2.02,,,2,16:42:42
2025-11-21 16:42:43,4.74,0.00,,,2,16:42:45
2025-11-21 16:42:46,3.17,2.05,,,2,16:42:47
2025-11-21 16:42:48,6.89,60.90,,,2,16:42:50
2025-11-21 16:42:51,6.5,0.52,,,2,16:42:52
2025-11-21 16:42:53,4.50,0.25,,,2,16:42:55
2025-11-21 16:42:56,4.79,0.00,,,2,16:42:57
2025-11-21 16:42:58,3.44,0.23,,,2,16:42:59
2025-11-21 16:43:01,3.78,0.00,,,2,16:43:02
2025-11-21 16:43:03,4.16,0.01,,,2,16:43:04
2025-11-21 16:43:05,3.85,0.06,,,2,16:43:07
2025-11-21 16:43:08,4.18,1.36,,,2,16:43:09
2025-11-21 16:43:10,2.57,0.21,,,2,16:43:12
2025-11-21 16:43:13,3.88,0.48,,,2,16:43:14
2025-11-21 16:43:15,11.7,0.06,,,2,16:43:17
2025-11-21 16:43:18,2.22,0.95,,,2,16:43:19
2025-11-21 16:43:20,4.19,0.00,,,2,16:43:21
2025-11-21 16:43:22,4.47,0.06,,,2,16:43:24
2025-11-21 16:43:25,4.83,0.09,,,2,16:43:26
2025-11-21 16:43:27,2.54,0.55,,,2,16:43:29
2025-11-21 16:43:30,2.84,0.00,,,2,16:43:31
2025-11-21 16:43:32,4.45,0.00,,,2,16:43:34
2025-11-21 16:43:35,5.12,0.00,,,2,16:43:36
2025-11-21 16:43:37,4.14,0.00,,,2,16:43:38
2025-11-21 16:43:39,4.54,3.51,,,2,16:43:41
2025-11-21 16:43:42,5.14,0.00,,,2,16:43:43
2025-11-21 16:43:44,3.80,2.27,,,2,16:43:46
2025-11-21 16:43:47,3.54,0.42,,,2,16:43:48
2025-11-21 16:43:49,3.51,0.25,,,2,16:43:51
2025-11-21 16:43:52,5.4,2.06,,,2,16:43:53
2025-11-21 16:43:54,4.20,0.06,,,2,16:43:56
2025-11-21 16:43:57,4.6,0.00,,,2,16:43:58
2025-11-21 16:43:59,2.21,0.04,,,2,16:44:00
2025-11-21 16:44:01,3.73,43.23,,,2,16:44:03
2025-11-21 16:44:04,4.83,0.00,,,2,16:44:05
2025-11-21 16:44:06,3.20,0.00,,,2,16:44:08
2025-11-21 16:44:09,3.20,1.75,,,2,16:44:10
2025-11-21 16:44:11,7.27,0.02,,,2,16:44:13
2025-11-21 16:44:14,3.22,0.08,,,2,16:44:15
2025-11-21 16:44:16,5.69,0.00,,,2,16:44:17
2025-11-21 16:44:18,2.21,94.91,,,2,16:44:20
2025-11-21 16:44:21,28.0,47.05,,,2,16:44:22
2025-11-21 16:44:23,15.65,32.49,,,2,16:44:25
2025-11-21 16:44:26,8.28,30.79,,,9,16:44:27
2025-11-21 16:44:28,31.55,23.43,,,2,16:44:30
2025-11-21 16:44:31,7.64,25.77,,,2,16:44:32
2025-11-21 16:44:33,14.69,6.88,,,2,16:44:35
2025-11-21 16:44:36,3.66,22.14,,,2,16:44:37
2025-11-21 16:44:38,2.80,5.83,,,2,16:44:40
2025-11-21 16:44:41,3.96,0.00,,,2,16:44:42
2025-11-21 16:44:43,42.54,0.27,,,2,16:44:45
2025-11-21 16:44:46,3.34,0.12,,,2,16:44:47
2025-11-21 16:44:48,5.16,0.87,,,2,16:44:49
2025-11-21 16:44:50,8.43,0.76,,,2,16:44:52
2025-11-21 16:44:53,23.35,67.91,,,2,16:44:54
2025-11-21 16:44:55,9.30,29.21,,,2,16:44:57
2025-11-21 16:44:58,7.9,32.09,,,2,16:44:59
2025-11-21 16:45:00,7.38,40.55,,,2,16:45:02
2025-11-21 16:45:03,7.69,30.09,,,2,16:45:04
2025-11-21 16:45:05,7.76,30.91,,,2,16:45:07
2025-11-21 16:45:08,3.66,2.49,,,2,16:45:09
2025-11-21 16:45:10,2.17,0.03,,,2,16:45:11
2025-11-21 16:45:12,2.45,0.00,,,2,16:45:14
2025-11-21 16:45:15,5.23,0.82,,,2,16:45:16
2025-11-21 16:45:17,2.95,0.09,,,2,16:45:19
2025-11-21 16:45:20,2.7,77.22,,,2,16:45:21
2025-11-21 16:45:22,19.84,42.88,,,2,16:45:24
2025-11-21 16:45:25,26.71,92.71,,,2,16:45:26
2025-11-21 16:45:27,10.2,32.72,,,2,16:45:29
2025-11-21 16:45:30,7.27,29.09,,,2,16:45:31
2025-11-21 16:45:32,15.7,28.45,,,2,16:45:33
2025-11-21 16:45:35,7.44,28.64,,,2,16:45:36
2025-11-21 16:45:37,6.90,31.19,,,2,16:45:38
2025-11-21 16:45:39,7.39,33.05,,,2,16:45:41
2025-11-21 16:45:42,2.74,4.26,,,2,16:45:43
2025-11-21 16:45:44,2.67,0.17,,,2,16:45:46
2025-11-21 16:45:47,3.82,0.65,,,2,16:45:48
2025-11-21 16:45:49,2.38,0.88,,,2,16:45:51
2025-11-21 16:45:52,23.18,20.16,,,2,16:45:53
2025-11-21 16:45:54,3.59,17.10,,,2,16:45:56
2025-11-21 16:45:57,20.24,29.20,,,2,16:45:58
2025-11-21 16:45:59,7.41,30.14,,,2,16:46:00
2025-11-21 16:46:01,7.90,31.09,,,2,16:46:03
2025-11-21 16:46:04,6.44,34.00,,,2,16:46:05
2025-11-21 16:46:06,6.32,28.96,,,2,16:46:08
2025-11-21 16:46:09,7.55,27.78,,,2,16:46:10
2025-11-21 16:46:11,13.87,30.09,,,2,16:46:13
2025-11-21 16:46:14,5.86,4.99,,,2,16:46:15
2025-11-21 16:46:16,2.70,10.26,,,2,16:46:18
2025-11-21 16:46:19,7.62,0.27,,,2,16:46:20
2025-11-21 16:46:21,6.58,0.08,,,2,16:46:22
2025-11-21 16:46:23,26.59,26.47,,,2,16:46:25
2025-11-21 16:46:26,7.1,10.56,,,11,16:46:27
2025-11-21 16:46:28,7.7,26.72,,,2,16:46:30
2025-11-21 16:46:31,10.59,10.12,,,2,16:46:32
2025-11-21 16:46:33,9.81,29.00,,,2,16:46:35
2025-11-21 16:46:36,6.94,33.39,,,2,16:46:37
2025-11-21 16:46:38,6.16,33.33,,,2,16:46:39
2025-11-21 16:46:40,7.18,34.77,,,2,16:46:42
2025-11-21 16:46:43,6.34,33.00,,,2,16:46:44
2025-11-21 16:46:45,2.85,5.55,,,2,16:46:47
2025-11-21 16:46:48,4.2,0.02,,,2,16:46:49
2025-11-21 16:46:50,5.88,0.27,,,2,16:46:52
2025-11-21 16:46:53,6.85,41.25,,,2,16:46:54
2025-11-21 16:46:55,7.64,100.44,,,2,16:46:56
2025-11-21 16:46:57,13.33,62.35,,,2,16:46:59
2025-11-21 16:47:00,26.34,56.98,,,2,16:47:01
2025-11-21 16:47:02,7.98,29.69,,,2,16:47:04
2025-11-21 16:47:05,6.8,10.55,,,2,16:47:06
2025-11-21 16:47:07,5.50,33.58,,,2,16:47:09
2025-11-21 16:47:10,5.71,35.76,,,4,16:47:11
2025-11-21 16:47:12,9.96,31.52,,,2,16:47:13
2025-11-21 16:47:14,6.83,27.80,,,2,16:47:16
2025-11-21 16:47:17,4.4,4.81,,,2,16:47:18
